finalName,family,n
Agapostemon leunculus,Halictidae,1
Andrena labergei,Andrenidae,21
Andrena micheneriella,Andrenidae,3
Anthophorula varleyi,Apidae,3
Ashmeadiella lateralis,Megachilidae,1
Ashmeadiella micheneri,Megachilidae,30
Biastes sierrae,Apidae,4
Calliopsis boharti,Andrenidae,7
Calliopsis sonora,Andrenidae,4
Centris angustifrons,Apidae,1
Colletes bumeliae,Colletidae,7
Colletes platycnema,Colletidae,1
Colletes punctipennis,Colletidae,2
Colletes saritensis,Colletidae,9
Dufourea impunctata,Halictidae,1
Epeolus packeri,Apidae,5
Eucera arizonica,Apidae,8
Hoplitis shoshone,Megachilidae,25
Lasioglossum eleutherense,Halictidae,3
Lasioglossum lazulis,Halictidae,37
Lasioglossum sheffieldi,Halictidae,23
Macrotera bidenticauda,Andrenidae,11
Macrotera lobata,Andrenidae,67
Macrotera parkeri,Andrenidae,209
Megachile macneilli,Megachilidae,1
Megachile manni,Megachilidae,1
Megachile pseudolegalis,Megachilidae,1
Peponapis michelbacherorum,Apidae,1
Perdita ainsliei,Andrenidae,10
Perdita biparticeps,Andrenidae,1
Perdita chionostoma,Andrenidae,12
Perdita crassula,Andrenidae,7
Perdita frontalis,Andrenidae,6
Perdita greggiae,Andrenidae,43
Perdita nanula,Andrenidae,4
Perdita pygidialis,Andrenidae,16
Plebeia emerina,Apidae,83
Protandrena amplipennis,Andrenidae,1
Sphecodes kincaidii,Halictidae,1
Stelis trichopyga,Megachilidae,3
Tetraloniella donata,Apidae,1
Trachusa interdisciplinaris,Megachilidae,20
Triepeolus laticeps,Apidae,1